优惠码100个,discount
B8574EE3001I7,
B85B95BA001I8,
B85DE57A001I9,
B858008B001IA,
B85AA4AB001IB,
B85A37B5001IC,
B8598732001ID,
B853F674001IE,
B85178D5001IF,
B8507924001IG,
B8504EAA001IH,
B85A9EE5001II,
B8527B9D001IJ,
B85C11E5001IK,
B859A597001IL,
B85BD999001IM,
B85CC29C001IN,
B85AA54F001IO,
B85AA140001IP,
B850AC75001IQ,
B85DD0A1001IR,
B852F4E2001IS,
B85AD442001IT,
B85BE80B001IU,
B85E3363001IV,
B852B4C8001IW,
B85629BE001IX,
B85A20E7001IY,
B85ED0AF001IZ,
B8580B02001J0,
B85D5C76001J1,
B8547EFC001J2,
B85C8D86001J3,
B85B2983001J4,
B85E37D9001J5,
B85DB5E7001J6,
B85513AB001J7,
B85C3915001J8,
B85F21AD001J9,
B8596D1E001JA,
B856E249001JB,
B85274D9001JC,
B858FC3D001JD,
B8533B6B001JE,
B856498C001JF,
B85425E9001JG,
B85F3C65001JH,
B858BC6E001JI,
B85C9714001JJ,
B85002F7001JK,
B8523868001JL,
B8551E18001JM,
B8588883001JN,
B8596CE9001JO,
B85F50F1001JP,
B8540160001JQ,
B853EC06001JR,
B8504498001JS,
B8565EC5001JT,
B8530C28001JU,
B85AD296001JV,
B85688EC001JW,
B8510C6E001JX,
B85FCFB6001JY,
B858544B001JZ,
B850819F001K0,
B8502EB4001K1,
B8513138001K2,
B852C6CB001K3,
B85CD881001K4,
B85E9A73001K5,
B85A704B001K6,
B85E4BC5001K7,
B8581F9A001K8,
B85C5F5B001K9,
B8599FEE001KA,
B85F22BE001KB,
B85C26F0001KC,
B856F13B001KD,
B85CD2E5001KE,
B85EBF20001KF,
B8562C36001KG,
B85A9964001KH,
B858D4B2001KI,
B851A140001KJ,
B858E443001KK,
B85A4A4D001KL,
B85AEF22001KM,
B852BEE6001KN,
B85DC15F001KO,
B85E8BD1001KP,
B85E423B001KQ,
B85F7EB2001KR,
B85271B3001KS,
B8531D37001KT,
B85F2959001KU,
B854A47F001KV,
B8595242001KW,
B855BF09001KX,
B85FA03D001KY,
B853FE44001KZ,
